metric,role,variant_id,units,value,source_field_id,source_label,excel_row
heat_demand,result,code_minumum,kWh,38912.5724541,certification_results.heat_demand,Heat Demand,459
heat_demand,limit,code_minumum,kWh,7383.04845968,certification_limits.heat_demand_limit,Heat Demand Limit,363
sensible_cooling_demand,result,code_minumum,kWh,1617.81759328,certification_results.sensible_cooling_demand,Sensible Cooling Demand,460
sensible_cooling_demand,limit,code_minumum,kWh,3818.8181688,certification_limits.sensible_cooling_demand_limit,Sensible Cooling Demand Limit,364
latent_cooling_demand,result,code_minumum,kWh,0,certification_results.latent_cooling_demand,Latent Cooling Demand,461
latent_cooling_demand,limit,code_minumum,kWh,2927.39550749,certification_limits.latent_cooling_demand_limit,Latent Cooling Demand Limit,365
total_cooling_demand,result,code_minumum,kWh,1617.81759328,certification_results.total_cooling_demand,Total Cooling Demand,462
total_cooling_demand,limit,code_minumum,kWh,6746.21367629,certification_limits.total_cooling_demand_limit,Total Cooling Demand Limit,366
peak_heat_load,result,code_minumum,W,15428.9506235,certification_results.peak_heat_load,Peak Heat Load,463
peak_heat_load,limit,code_minumum,W,4582.58180256,certification_limits.peak_heat_load_limit,Peak Heat Load Limit,367
peak_cooling_load,result,code_minumum,W,2869.11838333,certification_results.peak_cooling_load,Peak Cooling Load,464
peak_cooling_load,limit,code_minumum,W,2489.67409482,certification_limits.peak_cooling_load_limit,Peak Cooling Load Limit,368
pe_demand,result,code_minumum,kWh,73100.6332957,certification_results.pe_demand,PE Demand,465
pe_demand,limit,code_minumum,kWh,0,certification_limits.pe_limit,PE Limit,369
per_demand,result,code_minumum,kWh,63775.383654,certification_results.per_demand,PER Demand,466
per_demand,limit,code_minumum,kWh,0,certification_limits.per_limit,PER Limit,370
phius_net_source_energy,limit,code_minumum,kWh,25875.0000001,certification_limits.phius_net_source_energy_limit,PHIUS Net Source Energy Limit,371
heat_demand,result,improved,kWh,19837.4585451,certification_results.heat_demand,Heat Demand,459
heat_demand,limit,improved,kWh,7383.04845968,certification_limits.heat_demand_limit,Heat Demand Limit,363
sensible_cooling_demand,result,improved,kWh,953.148741447,certification_results.sensible_cooling_demand,Sensible Cooling Demand,460
sensible_cooling_demand,limit,improved,kWh,3818.8181688,certification_limits.sensible_cooling_demand_limit,Sensible Cooling Demand Limit,364
latent_cooling_demand,result,improved,kWh,0,certification_results.latent_cooling_demand,Latent Cooling Demand,461
latent_cooling_demand,limit,improved,kWh,2927.39550749,certification_limits.latent_cooling_demand_limit,Latent Cooling Demand Limit,365
total_cooling_demand,result,improved,kWh,953.148741447,certification_results.total_cooling_demand,Total Cooling Demand,462
total_cooling_demand,limit,improved,kWh,6746.21367629,certification_limits.total_cooling_demand_limit,Total Cooling Demand Limit,366
peak_heat_load,result,improved,W,9041.80092151,certification_results.peak_heat_load,Peak Heat Load,463
peak_heat_load,limit,improved,W,4582.58180256,certification_limits.peak_heat_load_limit,Peak Heat Load Limit,367
peak_cooling_load,result,improved,W,2280.29164592,certification_results.peak_cooling_load,Peak Cooling Load,464
peak_cooling_load,limit,improved,W,2489.67409482,certification_limits.peak_cooling_load_limit,Peak Cooling Load Limit,368
pe_demand,result,improved,kWh,41452.736422,certification_results.pe_demand,PE Demand,465
pe_demand,limit,improved,kWh,0,certification_limits.pe_limit,PE Limit,369
per_demand,result,improved,kWh,34242.8714289,certification_results.per_demand,PER Demand,466
per_demand,limit,improved,kWh,0,certification_limits.per_limit,PER Limit,370
phius_net_source_energy,limit,improved,kWh,25875.0000001,certification_limits.phius_net_source_energy_limit,PHIUS Net Source Energy Limit,371
heat_demand,result,r_35_walls_r_59_roof,kWh,17533.0076338,certification_results.heat_demand,Heat Demand,459
heat_demand,limit,r_35_walls_r_59_roof,kWh,7383.04845968,certification_limits.heat_demand_limit,Heat Demand Limit,363
sensible_cooling_demand,result,r_35_walls_r_59_roof,kWh,885.556747008,certification_results.sensible_cooling_demand,Sensible Cooling Demand,460
sensible_cooling_demand,limit,r_35_walls_r_59_roof,kWh,3818.8181688,certification_limits.sensible_cooling_demand_limit,Sensible Cooling Demand Limit,364
latent_cooling_demand,result,r_35_walls_r_59_roof,kWh,0,certification_results.latent_cooling_demand,Latent Cooling Demand,461
latent_cooling_demand,limit,r_35_walls_r_59_roof,kWh,2927.39550749,certification_limits.latent_cooling_demand_limit,Latent Cooling Demand Limit,365
total_cooling_demand,result,r_35_walls_r_59_roof,kWh,885.556747008,certification_results.total_cooling_demand,Total Cooling Demand,462
total_cooling_demand,limit,r_35_walls_r_59_roof,kWh,6746.21367629,certification_limits.total_cooling_demand_limit,Total Cooling Demand Limit,366
peak_heat_load,result,r_35_walls_r_59_roof,W,8250.6162448,certification_results.peak_heat_load,Peak Heat Load,463
peak_heat_load,limit,r_35_walls_r_59_roof,W,4582.58180256,certification_limits.peak_heat_load_limit,Peak Heat Load Limit,367
peak_cooling_load,result,r_35_walls_r_59_roof,W,2155.05025238,certification_results.peak_cooling_load,Peak Cooling Load,464
peak_cooling_load,limit,r_35_walls_r_59_roof,W,2489.67409482,certification_limits.peak_cooling_load_limit,Peak Cooling Load Limit,368
pe_demand,result,r_35_walls_r_59_roof,kWh,38527.6759695,certification_results.pe_demand,PE Demand,465
pe_demand,limit,r_35_walls_r_59_roof,kWh,0,certification_limits.pe_limit,PE Limit,369
per_demand,result,r_35_walls_r_59_roof,kWh,31259.4402755,certification_results.per_demand,PER Demand,466
per_demand,limit,r_35_walls_r_59_roof,kWh,0,certification_limits.per_limit,PER Limit,370
phius_net_source_energy,limit,r_35_walls_r_59_roof,kWh,25875.0000001,certification_limits.phius_net_source_energy_limit,PHIUS Net Source Energy Limit,371
heat_demand,result,r_52_walls,kWh,15192.0488869,certification_results.heat_demand,Heat Demand,459
heat_demand,limit,r_52_walls,kWh,7383.04845968,certification_limits.heat_demand_limit,Heat Demand Limit,363
sensible_cooling_demand,result,r_52_walls,kWh,847.001477795,certification_results.sensible_cooling_demand,Sensible Cooling Demand,460
sensible_cooling_demand,limit,r_52_walls,kWh,3818.8181688,certification_limits.sensible_cooling_demand_limit,Sensible Cooling Demand Limit,364
latent_cooling_demand,result,r_52_walls,kWh,0,certification_results.latent_cooling_demand,Latent Cooling Demand,461
latent_cooling_demand,limit,r_52_walls,kWh,2927.39550749,certification_limits.latent_cooling_demand_limit,Latent Cooling Demand Limit,365
total_cooling_demand,result,r_52_walls,kWh,847.001477795,certification_results.total_cooling_demand,Total Cooling Demand,462
total_cooling_demand,limit,r_52_walls,kWh,6746.21367629,certification_limits.total_cooling_demand_limit,Total Cooling Demand Limit,366
peak_heat_load,result,r_52_walls,W,7436.21620549,certification_results.peak_heat_load,Peak Heat Load,463
peak_heat_load,limit,r_52_walls,W,4582.58180256,certification_limits.peak_heat_load_limit,Peak Heat Load Limit,367
peak_cooling_load,result,r_52_walls,W,2057.50469733,certification_results.peak_cooling_load,Peak Cooling Load,464
peak_cooling_load,limit,r_52_walls,W,2489.67409482,certification_limits.peak_cooling_load_limit,Peak Cooling Load Limit,368
pe_demand,result,r_52_walls,kWh,35571.7598085,certification_results.pe_demand,PE Demand,465
pe_demand,limit,r_52_walls,kWh,0,certification_limits.pe_limit,PE Limit,369
per_demand,result,r_52_walls,kWh,28240.8133535,certification_results.per_demand,PER Demand,466
per_demand,limit,r_52_walls,kWh,0,certification_limits.per_limit,PER Limit,370
phius_net_source_energy,limit,r_52_walls,kWh,25875.0000001,certification_limits.phius_net_source_energy_limit,PHIUS Net Source Energy Limit,371
heat_demand,result,r_80_roof,kWh,14532.9484072,certification_results.heat_demand,Heat Demand,459
heat_demand,limit,r_80_roof,kWh,7383.04845968,certification_limits.heat_demand_limit,Heat Demand Limit,363
sensible_cooling_demand,result,r_80_roof,kWh,815.693629327,certification_results.sensible_cooling_demand,Sensible Cooling Demand,460
sensible_cooling_demand,limit,r_80_roof,kWh,3818.8181688,certification_limits.sensible_cooling_demand_limit,Sensible Cooling Demand Limit,364
latent_cooling_demand,result,r_80_roof,kWh,0,certification_results.latent_cooling_demand,Latent Cooling Demand,461
latent_cooling_demand,limit,r_80_roof,kWh,2927.39550749,certification_limits.latent_cooling_demand_limit,Latent Cooling Demand Limit,365
total_cooling_demand,result,r_80_roof,kWh,815.693629327,certification_results.total_cooling_demand,Total Cooling Demand,462
total_cooling_demand,limit,r_80_roof,kWh,6746.21367629,certification_limits.total_cooling_demand_limit,Total Cooling Demand Limit,366
peak_heat_load,result,r_80_roof,W,7210.54388243,certification_results.peak_heat_load,Peak Heat Load,463
peak_heat_load,limit,r_80_roof,W,4582.58180256,certification_limits.peak_heat_load_limit,Peak Heat Load Limit,367
peak_cooling_load,result,r_80_roof,W,2005.79486372,certification_results.peak_cooling_load,Peak Cooling Load,464
peak_cooling_load,limit,r_80_roof,W,2489.67409482,certification_limits.peak_cooling_load_limit,Peak Cooling Load Limit,368
pe_demand,result,r_80_roof,kWh,34724.8990636,certification_results.pe_demand,PE Demand,465
pe_demand,limit,r_80_roof,kWh,0,certification_limits.pe_limit,PE Limit,369
per_demand,result,r_80_roof,kWh,27380.0437096,certification_results.per_demand,PER Demand,466
per_demand,limit,r_80_roof,kWh,0,certification_limits.per_limit,PER Limit,370
phius_net_source_energy,limit,r_80_roof,kWh,25875.0000001,certification_limits.phius_net_source_energy_limit,PHIUS Net Source Energy Limit,371
heat_demand,result,phius_core_2024,kWh,7151.6590386,certification_results.heat_demand,Heat Demand,459
heat_demand,limit,phius_core_2024,kWh,7383.04845968,certification_limits.heat_demand_limit,Heat Demand Limit,363
sensible_cooling_demand,result,phius_core_2024,kWh,915.029899486,certification_results.sensible_cooling_demand,Sensible Cooling Demand,460
sensible_cooling_demand,limit,phius_core_2024,kWh,3818.8181688,certification_limits.sensible_cooling_demand_limit,Sensible Cooling Demand Limit,364
latent_cooling_demand,result,phius_core_2024,kWh,0,certification_results.latent_cooling_demand,Latent Cooling Demand,461
latent_cooling_demand,limit,phius_core_2024,kWh,2927.39550749,certification_limits.latent_cooling_demand_limit,Latent Cooling Demand Limit,365
total_cooling_demand,result,phius_core_2024,kWh,915.029899486,certification_results.total_cooling_demand,Total Cooling Demand,462
total_cooling_demand,limit,phius_core_2024,kWh,6746.21367629,certification_limits.total_cooling_demand_limit,Total Cooling Demand Limit,366
peak_heat_load,result,phius_core_2024,W,4354.25279791,certification_results.peak_heat_load,Peak Heat Load,463
peak_heat_load,limit,phius_core_2024,W,4582.58180256,certification_limits.peak_heat_load_limit,Peak Heat Load Limit,367
peak_cooling_load,result,phius_core_2024,W,1991.72970479,certification_results.peak_cooling_load,Peak Cooling Load,464
peak_cooling_load,limit,phius_core_2024,W,2489.67409482,certification_limits.peak_cooling_load_limit,Peak Cooling Load Limit,368
pe_demand,result,phius_core_2024,kWh,25260.3292464,certification_results.pe_demand,PE Demand,465
pe_demand,limit,phius_core_2024,kWh,0,certification_limits.pe_limit,PE Limit,369
per_demand,result,phius_core_2024,kWh,18069.6410408,certification_results.per_demand,PER Demand,466
per_demand,limit,phius_core_2024,kWh,0,certification_limits.per_limit,PER Limit,370
phius_net_source_energy,limit,phius_core_2024,kWh,25875.0000001,certification_limits.phius_net_source_energy_limit,PHIUS Net Source Energy Limit,371
